{
  "features": [
    {
      "geometry": {
        "coordinates": [
          [
            -3.5606,
            57.6494
          ],
          [
            -3.317,
            57.6496
          ],
          [
            -2.9658,
            57.6776
          ],
          [
            -3.4907,
            57.7021
          ],
          [
            -3.2155,
            57.4751
          ],
          [
            -3.5755,
            57.0959
          ],
          [
            -3.6093,
            57.0981
          ],
          [
            -2.8204,
            57.6918
          ],
          [
            -3.1269,
            57.4438
          ],
          [
            -3.0976,
            57.6154
          ],
          [
            -3.6185,
            57.61
          ],
          [
            -2.8691,
            57.5788
          ],
          [
            -2.95,
            57.5433
          ],
          [
            -3.2662,
            57.215
          ],
          [
            -3.0921,
            57.6067
          ],
          [
            -3.2059,
            57.528
          ],
          [
            -2.8909,
            57.6444
          ],
          [
            -3.383,
            57.2513
          ],
          [
            -2.837,
            57.6947
          ],
          [
            -3.3378,
            57.3434
          ],
          [
            -3.3793,
            57.2517
          ],
          [
            -3.2632,
            57.203
          ],
          [
            -3.2407,
            57.4035
          ],
          [
            -3.278,
            57.1905
          ],
          [
            -3.237,
            57.2282
          ],
          [
            -3.217,
            57.2501
          ],
          [
            -3.1949,
            57.3448
          ],
          [
            -3.1847,
            57.4906
          ],
          [
            -3.1901,
            57.2709
          ]
        ],
        "type": "MultiPoint"
      },
      "type": "Feature",
      "properties": {
        "marker-symbol": "1",
        "expression": "Moray",
        "marker-color": "#3bb2d0",
        "labels": [
          "moray"
        ]
      }
    },
    {
      "geometry": {
        "coordinates": [
          [
            -2.264,
            56.852
          ],
          [
            -2.202,
            57.206
          ],
          [
            -2.121,
            57.698
          ],
          [
            -2.383,
            57.45
          ],
          [
            -2.0927,
            57.1498
          ],
          [
            -2.006,
            57.6935
          ],
          [
            -2.113545,
            57.10085
          ],
          [
            -1.7824,
            57.5083
          ],
          [
            -2.2032,
            57.2073
          ],
          [
            -2.0885,
            57.1588
          ],
          [
            -2.1432,
            57.145
          ],
          [
            -2.3333,
            56.8664
          ],
          [
            -2.4894,
            57.054
          ],
          [
            -2.4354,
            57.0635
          ],
          [
            -1.9345,
            57.619
          ],
          [
            -2.1025,
            57.1349
          ],
          [
            -1.9988,
            57.5624
          ],
          [
            -2.1886,
            57.2036
          ],
          [
            -2.0714,
            57.3647
          ],
          [
            -2.2387,
            57.5124
          ],
          [
            -2.2204,
            57.4052
          ],
          [
            -2.2783,
            56.845
          ],
          [
            -2.3724,
            57.2836
          ],
          [
            -2.3445,
            57.2334
          ],
          [
            -2.471,
            56.8314
          ],
          [
            -2.3202,
            57.3353
          ],
          [
            -2.1611,
            57.3096
          ],
          [
            -2.1905,
            57.3428
          ],
          [
            -1.806,
            57.5826
          ],
          [
            -2.3045,
            56.9923
          ],
          [
            -2.0778,
            57.1892
          ],
          [
            -2.2077,
            56.9638
          ],
          [
            -2.206,
            56.965
          ],
          [
            -2.043,
            57.5027
          ],
          [
            -2.2755,
            57.1557
          ],
          [
            -2.417,
            56.7612
          ],
          [
            -2.042,
            57.2444
          ],
          [
            -1.9345,
            57.3477
          ],
          [
            -1.7912,
            57.5021
          ],
          [
            -1.9548,
            57.6766
          ],
          [
            -2.1111,
            57.6983
          ],
          [
            -2.2637,
            57.0987
          ]
        ],
        "type": "MultiPoint"
      },
      "type": "Feature",
      "properties": {
        "marker-symbol": "3",
        "expression": "a broad coastal zone in eastern Aberdeenshire",
        "marker-color": "#3bb2d0",
        "labels": [
          "east",
          "aberdeenshire",
          "coast"
        ]
      }
    },
    {
      "geometry": {
        "coordinates": [
          [
            -3.322,
            57.712
          ],
          [
            -2.836,
            57.077
          ],
          [
            -3.397,
            57.006
          ],
          [
            -3.3966,
            57.0065
          ],
          [
            -2.4963,
            57.6708
          ],
          [
            -2.7788,
            57.0768
          ],
          [
            -2.7032,
            57.2335
          ],
          [
            -2.7063,
            57.2294
          ],
          [
            -3.7491,
            56.9345
          ],
          [
            -3.51,
            56.9055
          ],
          [
            -3.0351,
            57.0501
          ],
          [
            -3.0424,
            57.0539
          ],
          [
            -2.5225,
            57.6667
          ],
          [
            -3.5561,
            57.0573
          ],
          [
            -3.7187,
            57.0071
          ],
          [
            -3.668,
            57.0724
          ],
          [
            -3.3868,
            57.0006
          ],
          [
            -2.5742,
            56.9634
          ],
          [
            -3.2527,
            56.92
          ],
          [
            -3.339,
            56.8955
          ],
          [
            -3.711,
            57.0516
          ],
          [
            -3.2704,
            56.9457
          ],
          [
            -3.6533,
            57.0364
          ],
          [
            -3.3013,
            56.9433
          ],
          [
            -3.3592,
            56.9094
          ],
          [
            -3.4259,
            56.8963
          ],
          [
            -3.5595,
            56.9296
          ],
          [
            -3.6221,
            57.0652
          ],
          [
            -3.4233,
            56.8832
          ],
          [
            -2.7863,
            57.4461
          ],
          [
            -3.5167,
            56.9869
          ],
          [
            -2.9128,
            57.2303
          ],
          [
            -3.4319,
            57.1
          ],
          [
            -2.761,
            57.3584
          ],
          [
            -3.2442,
            56.9571
          ],
          [
            -3.2788,
            57.7218
          ],
          [
            -2.9709,
            56.9699
          ],
          [
            -2.1977,
            57.5921
          ],
          [
            -3.5016,
            57.0868
          ],
          [
            -2.6868,
            57.6812
          ],
          [
            -2.4642,
            57.4133
          ],
          [
            -2.744,
            57.685
          ],
          [
            -3.7203,
            57.0565
          ],
          [
            -2.5397,
            57.02
          ],
          [
            -2.8535,
            57.1284
          ],
          [
            -3.69,
            57.0362
          ],
          [
            -2.4607,
            57.5391
          ],
          [
            -2.5402,
            57.3288
          ],
          [
            -3.434,
            57.7107
          ],
          [
            -3.2298,
            57.0406
          ],
          [
            -3.0294,
            57.1228
          ]
        ],
        "type": "MultiPoint"
      },
      "type": "Feature",
      "properties": {
        "type": "distractors"
      }
    }
  ],
  "full-text": "An area of precipitation will affect Moray and the whole of western Aberdeenshire, apart from the far southwest. Dry conditions in a broad coastal zone in eastern Aberdeenshire including Aberdeen City.",
  "type": "FeatureCollection"
}